,event_month,first_attribution_channel,total_searches,searches_converted_to_views,searches_converted_to_reservations,conversion_rate
0,2023-01,direct,1822,915,193,10.592755214050493
1,2023-01,facebook,730,386,79,10.821917808219178
2,2023-01,google,1427,685,165,11.56271899088998
3,2023-01,google ads,2518,1215,271,10.762509928514694
4,2023-01,google maps,383,209,35,9.138381201044385
5,2023-01,reddit,354,180,39,11.016949152542372
6,2023-02,direct,1620,798,162,10.0
7,2023-02,facebook,676,319,71,10.502958579881657
8,2023-02,google,1395,721,174,12.473118279569892
9,2023-02,google ads,2263,1118,251,11.091471498011488
10,2023-02,google maps,357,172,47,13.165266106442578
11,2023-02,reddit,299,147,39,13.043478260869565
12,2023-03,direct,1793,891,186,10.373675404350251
13,2023-03,facebook,662,345,66,9.969788519637463
14,2023-03,google,1401,714,136,9.707351891506068
15,2023-03,google ads,2546,1295,281,11.036920659858602
16,2023-03,google maps,381,196,44,11.548556430446194
17,2023-03,reddit,341,153,24,7.038123167155426
18,2023-04,direct,1781,887,194,10.892756878158337
19,2023-04,facebook,698,344,68,9.742120343839542
20,2023-04,google,1441,732,174,12.074947952810549
21,2023-04,google ads,2554,1281,260,10.180109631949882
22,2023-04,google maps,363,184,27,7.43801652892562
23,2023-04,reddit,373,194,33,8.847184986595174
24,2023-05,direct,1855,957,211,11.374663072776281
25,2023-05,facebook,721,358,73,10.124826629680998
26,2023-05,google,1323,654,143,10.808767951625095
27,2023-05,google ads,2508,1252,258,10.287081339712918
28,2023-05,google maps,477,235,61,12.78825995807128
29,2023-05,reddit,379,199,47,12.401055408970976
30,2023-06,direct,1810,913,185,10.220994475138122
31,2023-06,facebook,705,366,89,12.624113475177303
32,2023-06,google,1295,653,131,10.115830115830116
33,2023-06,google ads,2518,1237,264,10.484511517077046
34,2023-06,google maps,489,265,64,13.0879345603272
35,2023-06,reddit,359,180,39,10.86350974930362
36,2023-07,direct,1805,944,212,11.745152354570637
37,2023-07,facebook,712,363,80,11.235955056179774
38,2023-07,google,1382,705,150,10.85383502170767
39,2023-07,google ads,2589,1294,288,11.123986095017381
40,2023-07,google maps,508,243,59,11.614173228346457
41,2023-07,reddit,383,194,34,8.87728459530026
42,2023-08,direct,1838,921,190,10.337323177366702
43,2023-08,facebook,748,386,95,12.70053475935829
44,2023-08,google,1263,643,123,9.73871733966746
45,2023-08,google ads,2526,1234,238,9.422011084718923
46,2023-08,google maps,533,278,56,10.506566604127581
47,2023-08,reddit,355,170,25,7.042253521126761
48,2023-09,direct,1745,895,165,9.455587392550143
49,2023-09,facebook,722,361,85,11.772853185595569
50,2023-09,google,1250,628,134,10.72
51,2023-09,google ads,2467,1237,243,9.850020267531415
52,2023-09,google maps,489,259,49,10.020449897750511
53,2023-09,reddit,356,179,25,7.02247191011236
54,2023-10,direct,1772,846,158,8.91647855530474
55,2023-10,facebook,718,380,72,10.027855153203342
56,2023-10,google,1215,563,102,8.395061728395062
57,2023-10,google ads,2502,1243,225,8.992805755395683
58,2023-10,google maps,555,278,51,9.18918918918919
59,2023-10,reddit,343,160,27,7.871720116618077
60,2023-11,direct,1721,828,137,7.960488088320744
61,2023-11,facebook,680,355,63,9.264705882352942
62,2023-11,google,1189,597,83,6.980656013456686
63,2023-11,google ads,2492,1202,198,7.945425361155698
64,2023-11,google maps,589,300,50,8.488964346349745
65,2023-11,reddit,345,156,22,6.3768115942028984
66,2023-12,direct,1705,837,34,1.994134897360704
67,2023-12,facebook,710,357,16,2.2535211267605635
68,2023-12,google,1202,605,29,2.4126455906821964
69,2023-12,google ads,2524,1252,65,2.5752773375594296
70,2023-12,google maps,566,275,12,2.1201413427561837
71,2023-12,reddit,356,187,9,2.528089887640449
